,Name,Link,Size of Company
0,Amazon,http://www.amazon.com,"10,001+ employees"
1,None,none,NONE
2,Apple,http://www.apple.com/,"10,001+ employees"
3,HR Multinational Corp,https://www.hrmultinational-corp.com/,201-500 employees
4,LinkedIn,https://lnkd.in/Jobs1,"10,001+ employees"
5,McDonald's,https://corporate.mcdonalds.com/,"10,001+ employees"
6,None,none,NONE
7,ClearanceJobs,https://www.clearancejobs.com,Defense & Space
8,The Gypsy Nurse,http://thegypsynurse.com/,2-10 employees
9,Walmart,http://careers.walmart.com/?codes=Linkedin&utm_source=Linkedin&utm_campaign=ALL&utm_medium=SocialOrganic&utm_term=AboutUs&utm_content=Branding,"10,001+ employees"
10,Google,https://careers.google.com/?src=Online/LinkedIn/linkedin_profilepage&utm_source=linkedin&utm_medium=profilepage&utm_campaign=profilepage,"10,001+ employees"
11,Dollar General,http://www.dollargeneral.com/careers,"10,001+ employees"
12,Microsoft,https://news.microsoft.com/,"10,001+ employees"
13,Amazon Web Services (AWS),http://aws.amazon.com,"10,001+ employees"
14,NurseFly,http://www.nursefly.com,2-10 employees
15,Aerotek,http://www.aerotek.com,"5,001-10,000 employees"
16,"Tutree, Inc.",http://www.tutree.com,2-10 employees
17,Facebook,http://www.facebook.com/careers,"10,001+ employees"
18,Accenture,http://www.accenture.com,"10,001+ employees"
19,VelvetJobs,https://www.velvetjobs.com/outplacement,201-500 employees
20,Pizza Hut,http://pizzahut.com,"10,001+ employees"
21,PwC,http://www.pwc.com,"10,001+ employees"
22,HospitalCareers.com,https://www.hospitalcareers.com,2-10 employees
23,Robert Half,https://www.roberthalf.com,"10,001+ employees"
24,Revature,http://revature.com,"501-1,000 employees"
25,Deloitte,http://www.deloitte.com/global,"10,001+ employees"
26,ClearedJobs.Net,https://ClearedJobs.Net,11-50 employees
27,WeWork,http://www.wework.com,"5,001-10,000 employees"
28,Varsity Tutors,http://www.varsitytutors.com,"501-1,000 employees"
29,CVS Health,https://cvs.co/linkedinprofile,"10,001+ employees"
30,Creative Circle,https://www.creativecircle.com,201-500 employees
31,Verizon,http://www.verizon.com/,"10,001+ employees"
32,Federal Bureau of Investigation (FBI),http://www.fbijobs.gov,"10,001+ employees"
33,"U.S. Xpress, Inc.",http://www.usxpress.com,"5,001-10,000 employees"
34,CRST International,http://www.crst.com,"1,001-5,000 employees"
35,Allied Universal,https://www.aus.com/,"10,001+ employees"
36,Salesforce,http://www.salesforce.com,"10,001+ employees"
37,None,none,NONE
38,Lockheed Martin,https://www.lockheedmartin.com,"10,001+ employees"
39,"Lowe's Companies, Inc.",https://jobs.lowes.com,"10,001+ employees"
40,"Platinum Supplemental Insurance, Inc.",http://www.pltnm.com,51-200 employees
41,KPMG US,http://www.kpmg.com/US,"10,001+ employees"
42,CyberCoders,http://www.cybercoders.com,201-500 employees
43,Taco Bell,http://tacobell.com,"10,001+ employees"
44,Kelly Services,http://www.kellyservices.com,"10,001+ employees"
45,Family Dollar,http://www.familydollar.com,"10,001+ employees"
46,Jobspring Partners,http://www.jobspringpartners.com,201-500 employees
47,Comcast,http://corporate.comcast.com/,"10,001+ employees"
48,IBM,http://www.ibm.com,"10,001+ employees"
49,Carrier One Inc.,http://www.CarrierOneInc.com,201-500 employees
50,Goldman Sachs,http://www.goldmansachs.com,"10,001+ employees"
51,HCA Healthcare,http://www.hcahealthcare.com,"10,001+ employees"
52,Chalk Mountain Services of Texas,http://www.cmstx.com,Transportation/Trucking/Railroad
53,Navajo Express,http://navajoexpress.com/,"501-1,000 employees"
54,Target,http://www.target.com/careers,"10,001+ employees"
55,Capital One,http://www.capitalone.com,"10,001+ employees"
56,None,none,NONE
57,Bank of America,https://www.bankofamerica.com,"10,001+ employees"
58,FranchiseHelp,https://www.franchisehelp.com/,11-50 employees
59,Parker and Lynch,http://www.parkerlynch.com,"501-1,000 employees"
60,JobsInLogistics.com,http://www.JobsInLogistics.com,11-50 employees
61,Uber,http://www.uber.com,"10,001+ employees"
62,Catchafire,http://catchafire.org,11-50 employees
63,Workbridge Associates,http://www.workbridgeassociates.com,201-500 employees
64,Apex Systems,http://www.apexsystems.com,"1,001-5,000 employees"
65,Wells Fargo,http://www.wellsfargo.com,"10,001+ employees"
66,Leidos,http://www.leidos.com,"10,001+ employees"
67,The Estée Lauder Companies Inc.,http://www.elcompanies.com,"10,001+ employees"
68,Michael Page,http://www.page.com,"5,001-10,000 employees"
69,Advance Auto Parts,http://www.advanceautoparts.com,"10,001+ employees"
70,Staffigo,http://www.staffigo.com,51-200 employees
71,Soliant,http://www.soliant.com,"501-1,000 employees"
72,PetSmart,http://www.petsmart.com,"10,001+ employees"
73,Sam's Club,http://www.samsclub.com,"10,001+ employees"
74,H&R Block,https://www.hrblock.com,"10,001+ employees"
75,"NBCUniversal Media, LLC",http://www.NBCUniversal.com,"10,001+ employees"
76,UPS,http://www.ups.com/,"10,001+ employees"
77,North East Apply,http://northeastapply.com/,2-10 employees
78,Airbnb,http://airbnb.com,"1,001-5,000 employees"
79,Brookdale,https://careers.brookdale.com/en.html,"10,001+ employees"
80,Adobe,http://www.adobe.com,"10,001+ employees"
81,Walgreens,http://www.walgreens.com,"10,001+ employees"
82,Compass Group USA,https://www.compassgroupcareers.com/,"10,001+ employees"
83,KFC US,http://www.kfc.com/careers,"10,001+ employees"
84,Ajilon,http://www.ajilon.com,"501-1,000 employees"
85,System Transport,http://www.systemtrans.com/,"1,001-5,000 employees"
86,Lyft,https://www.lyft.com/,"5,001-10,000 employees"
87,Lexacount LLC,http://www.lexacount.com,2-10 employees
88,Modis,http://www.modis.com,"10,001+ employees"
89,"Healthcare Services Group, Inc",http://www.hcsg.com/,"10,001+ employees"
90,Intuit,https://www.intuit.com/,"5,001-10,000 employees"
91,O'Reilly Auto Parts,https://corporate.oreillyauto.com/onlineapplication/careerpage,"10,001+ employees"
92,The Judge Group,http://www.judge.com,Information Technology & Services
93,PepsiCo,http://www.pepsico.com,"10,001+ employees"
94,JPMorgan Chase & Co.,http://www.jpmorganchase.com,"10,001+ employees"
95,JLL,http://www.jll.com,"10,001+ employees"
96,Brooksource,http://www.brooksource.com,"1,001-5,000 employees"
97,Booz Allen Hamilton,http://www.boozallen.com,"10,001+ employees"
98,Eaton,http://www.eaton.com,"10,001+ employees"
99,Stryker,http://www.stryker.com,"10,001+ employees"
100,Netflix,https://jobs.netflix.com?utm_campaign=LIHomePage&utm_source=linkedin,"5,001-10,000 employees"
101,Samsung Electronics America,http://www.samsung.com/us/,"1,001-5,000 employees"
102,None,none,NONE
103,U.S. Department of Veterans Affairs,https://www.va.gov/,Government Administration
104,CareerVillage.org,http://www.careervillage.org,2-10 employees
105,Tesla,http://www.tesla.com,"10,001+ employees"
106,Gartner,http://www.gartner.com,"10,001+ employees"
107,Kroger,http://www.thekrogerco.com,"10,001+ employees"
108,Cognizant,https://www.cognizant.com,Information Technology & Services
109,None,none,NONE
110,Delta Air Lines,http://www.delta.com,"10,001+ employees"
111,JCPenney,http://www.jcpenney.com,"10,001+ employees"
112,Expedia Group,http://www.lifeatexpedia.com,"10,001+ employees"
113,Massage Envy,http://www.massageenvy.com,"10,001+ employees"
114,Kaiser Permanente,http://kp.org,"10,001+ employees"
115,C.R. England,http://www.crengland.com,"5,001-10,000 employees"
116,Sonic Drivein,https://www.sonicdrivein.com/,11-50 employees
117,Jobot,http://Jobot.com,51-200 employees
118,Addison Group,http://www.addisongroup.com,"1,001-5,000 employees"
119,Splunk,http://www.splunk.com,"1,001-5,000 employees"
120,Army National Guard,http://www.NATIONALGUARD.com,"10,001+ employees"
121,Carrols Corporation,http://carrols.com,"10,001+ employees"
122,Costco Wholesale,http://www.costco.com,"10,001+ employees"
123,Collabera Inc.,http://www.collabera.com,"10,001+ employees"
124,Perficient,http://www.perficient.com,"1,001-5,000 employees"
125,HDR,http://www.hdrinc.com,"5,001-10,000 employees"
126,Cardinal Health,http://cardinalhealth.com,"10,001+ employees"
127,Dollar Tree Stores,http://www.dollartree.com,"10,001+ employees"
128,Sherwin-Williams,http://www.sherwin-williams.com,"10,001+ employees"
129,Workday,http://www.workday.com,"10,001+ employees"
130,Anheuser-Busch,https://www.anheuser-busch.com/careers.html,"10,001+ employees"
131,Aramark,http://www.aramark.com,"10,001+ employees"
132,EY,http://www.ey.com,"10,001+ employees"
133,Boston Market,http://www.bostonmarket.com,"10,001+ employees"
134,Roehl Transport,https://www.Roehl.Jobs,Transportation/Trucking/Railroad
135,CDM Smith,https://www.cdmsmith.com/,"5,001-10,000 employees"
136,Johnson & Johnson,http://www.jnj.com,"10,001+ employees"
137,Northrop Grumman,http://www.northropgrumman.com/,"10,001+ employees"
138,Taproot Foundation,http://www.taprootfoundation.org,11-50 employees
139,None,none,NONE
140,Cisco,http://www.cisco.com,"10,001+ employees"
141,Peloton Interactive,http://www.onepeloton.com,"1,001-5,000 employees"
142,"Ross Stores, Inc.",http://www.rossstores.com,"10,001+ employees"
143,Whole Foods Market,http://www.wholefoodsmarket.com/careers,"10,001+ employees"
144,CompHealth,http://www.comphealth.com,"1,001-5,000 employees"
145,Infosys,https://www.infosys.com,"10,001+ employees"
146,UnitedHealth Group,http://careers.unitedhealthgroup.com,"10,001+ employees"
147,Macy's,http://www.macysjobs.com?rx_source=linkedincompanypage,"10,001+ employees"
148,Panera Bread,http://www.panerapeople.com,"10,001+ employees"
149,"Aaron's, Inc",http://www.aarons.com,"10,001+ employees"
150,U.S. Department of the Treasury,http://www.treasury.gov/,"10,001+ employees"
151,Bowlero Corporation,https://www.bowlerocorp.com/,"5,001-10,000 employees"
152,L3 Technologies,http://www.L3Tjobs.com/,"10,001+ employees"
153,Jacobs,http://www.jacobs.com,"10,001+ employees"
154,Olive Garden,http://www.olivegarden.com,"10,001+ employees"
155,gpac,http://www.gogpac.com,51-200 employees
156,Siemens,http://www.siemens.com,"10,001+ employees"
157,Chase,http://www.chase.com,"10,001+ employees"
158,Best Buy,http://www.bestbuy.com,"10,001+ employees"
159,Intel Corporation,http://www.intel.com,"10,001+ employees"
160,LifePoint Health®,http://www.lifepointhealth.net,"10,001+ employees"
161,Ralph Lauren,http://corporate.ralphlauren.com,"10,001+ employees"
162,Oracle,http://www.oracle.com,"10,001+ employees"
163,None,none,NONE
164,DoorDash,https://www.doordash.com/careers/,"1,001-5,000 employees"
165,TravelCenters of America,http://www.ta-petro.com,"10,001+ employees"
166,Morgan Stanley,http://www.morganstanley.com,"10,001+ employees"
167,Qualcomm,https://www.qualcomm.com/,"10,001+ employees"
168,Manpower,https://www.manpower.com,"10,001+ employees"
169,Dropbox,http://www.dropbox.com,"1,001-5,000 employees"
170,TikTok,https://www.tiktok.com/?re=m,"501-1,000 employees"
171,Health eCareers,http://www.healthecareers.com,Staffing & Recruiting
172,The Coca-Cola Company,http://www.coca-colacompany.com,"10,001+ employees"
173,United Airlines,https://www.united.com/,"10,001+ employees"
174,Stripe,https://stripe.com,"1,001-5,000 employees"
175,CRST Logistics,https://www.crst.com/companies/logistics/,Transportation/Trucking/Railroad
176,Nike,http://jobs.nike.com/,"10,001+ employees"
177,"LanceSoft, Inc.",http://www.lancesoft.com,Staffing & Recruiting
178,Columbia University in the City of New York,http://columbia.edu,Higher Education
179,Life Time Inc.,http://www.lifetimefitness.com,"10,001+ employees"
180,Sunbelt Staffing,http://www.sunbeltstaffing.com,"501-1,000 employees"
181,The Metropolitan Museum of Art,http://www.metmuseum.org,"1,001-5,000 employees"
182,"The TJX Companies, Inc.",https://jobs.tjx.com/,"10,001+ employees"
183,Wipro Limited,http://www.wipro.com,"10,001+ employees"
184,USAA,http://www.usaajobs.com,"10,001+ employees"
185,ADP,http://adp.com/,"10,001+ employees"
186,Cushman & Wakefield,http://www.cushmanwakefield.com,"10,001+ employees"
187,APN Consulting Inc.,http://www.apnconsultinginc.com,201-500 employees
188,The New York Times,http://www.nytimes.com,"1,001-5,000 employees"
189,"O'Reilly Group, The",http://www.oreillysearch.com,2-10 employees
190,PeopleReady,http://peopleready.com,"10,001+ employees"
191,Hays,http://www.haysplc.com,"5,001-10,000 employees"
192,Medtronic,http://www.medtronic.com,"10,001+ employees"
193,Lucas Group,http://www.lucasgroup.com,201-500 employees
194,CareInHomes,http://www.careinhomes.com,11-50 employees
195,Warner Bros. Entertainment,http://www.warnerbros.com/,"10,001+ employees"
196,JUUL Labs,https://www.juul.com/,"1,001-5,000 employees"
197,EatStreet,http://eatstreet.com,"501-1,000 employees"
198,Walmart eCommerce,https://careers.walmart.com/,"1,001-5,000 employees"
199,Penn State University,http://psu.edu,Higher Education
200,The Execu|Search Group,http://www.execu-search.com,201-500 employees
201,Ascension,http://www.ascension.org/,"10,001+ employees"
202,Square,http://squareup.com,"1,001-5,000 employees"
203,Abbott,http://www.abbott.com,"10,001+ employees"
204,Conduent,https://www.conduent.com,"10,001+ employees"
205,Dell,http://www.dell.com,"10,001+ employees"
206,Honeywell,http://www.honeywell.com,"10,001+ employees"
207,Sysco,http://www.sysco.com,"10,001+ employees"
208,OYO,http://www.oyorooms.com,"10,001+ employees"
209,Pinterest,https://www.pinterest.com/,"1,001-5,000 employees"
210,Eliassen Group,http://www.eliassen.com,"1,001-5,000 employees"
211,LocumTenens.com,http://www.LocumTenens.com/,Staffing & Recruiting
212,United States Department of Defense,http://defense.gov,"10,001+ employees"
213,U.S. Bank,http://www.usbank.com,"10,001+ employees"
214,"TRC Companies, Inc.",https://www.trccompanies.com/,"5,001-10,000 employees"
215,Trinity Health (HQ Michigan),http://www.trinity-health.org,"10,001+ employees"
216,American Express,https://www.americanexpress.com/,"10,001+ employees"
217,Cintas,https://www.cintas.com,"10,001+ employees"
218,McKinsey & Company,http://www.mckinsey.com,"10,001+ employees"
219,Snap Inc.,https://careers.snap.com/,"1,001-5,000 employees"
220,7-Eleven,http://www.7-eleven.com,"10,001+ employees"
221,Philips,http://www.philips.com,"10,001+ employees"
222,HBO,http://www.hbo.com,"1,001-5,000 employees"
223,Centene Corporation,http://www.centene.com,"10,001+ employees"
224,ManTech,http://ManTech.com,"5,001-10,000 employees"
225,PlayStation,https://www.playstation.com/en-us/,"5,001-10,000 employees"
226,Albertsons Companies,http://www.albertsonscompanies.com,"10,001+ employees"
227,Nordstrom,http://www.nordstrom.com,"10,001+ employees"
228,GameStop,http://www.gamestop.com,"10,001+ employees"
229,Samsara,http://www.samsara.com,"1,001-5,000 employees"
230,Verizon Media,https://www.verizonmedia.com/,"10,001+ employees"
231,Chili's,http://www.chilisjobs.com,"10,001+ employees"
232,Petco,http://www.petco.com/,"10,001+ employees"
233,Infinity Consulting Solutions,http://www.infinity-cs.com,Staffing & Recruiting
234,Zillow Group,http://www.zillowgroup.com/,"1,001-5,000 employees"
235,ServiceNow,http://www.servicenow.com,"5,001-10,000 employees"
236,"Advantage Solutions: Sales, Marketing, Technology",https://www.advantagesolutions.net/,"10,001+ employees"
237,DXC Technology,http://www.dxc.technology,"10,001+ employees"
238,ABB,https://social.abb/website,"10,001+ employees"
239,Hibbett Sports,http://www.hibbett.com,"5,001-10,000 employees"
240,"XPO Logistics, Inc.",http://www.xpo.com,"10,001+ employees"
241,Cypress HCM,https://www.cypresshcm.com,51-200 employees
242,UHS,http://www.uhsinc.com,"10,001+ employees"
243,Work At Home Jobs,http://www.workathomejobs.org,2-10 employees
244,"CPS, Inc.",http://www.cps4jobs.com,Staffing & Recruiting
245,Visa,http://usa.visa.com/careers/index.jsp,"10,001+ employees"
246,Paladin,http://www.paladinstaff.com,11-50 employees
247,"Medline Industries, Inc.",http://www.medline.com,"10,001+ employees"
248,None,none,NONE
249,None,none,NONE
250,iHire,http://www.ihire.com/,51-200 employees
251,None,none,NONE
252,Green Key Resources,http://www.greenkeyllc.com,201-500 employees
253,Safeway,http://www.safeway.com,"10,001+ employees"
254,Amazon Lab126,http://www.amazon.jobs/lab126,"1,001-5,000 employees"
255,Staples,http://www.staples.com,"10,001+ employees"
256,Victoria's Secret,https://careers.lb.com/,"10,001+ employees"
257,VMware,https://www.vmware.com,"10,001+ employees"
258,None,none,NONE
259,"Aetna, a CVS Health Company",http://www.aetna.com,"10,001+ employees"
260,Planet Pharma,http://www.planet-pharma.com,"1,001-5,000 employees"
261,Ford Motor Company,https://corporate.ford.com/careers,"10,001+ employees"
262,NVIDIA,http://www.nvidia.com,"10,001+ employees"
263,Raytheon,http://www.raytheon.com,"10,001+ employees"
264,UBS,http://www.ubs.com,"10,001+ employees"
265,Novartis,http://www.novartis.com,"10,001+ employees"
266,WSP USA,http://www.wsp.com,"5,001-10,000 employees"
267,Highmark Health,http://www.highmarkhealth.org,"10,001+ employees"
268,Shell,http://www.shell.com,"10,001+ employees"
269,None,none,NONE
270,Interstate Hotels & Resorts,http://www.interstatehotels.com,"10,001+ employees"
271,Rivian,http://www.rivian.com,"1,001-5,000 employees"
272,"Blue Cross and Blue Shield of Illinois, Montana, New Mexico, Oklahoma & Texas",http://www.hcsc.com/careers,"10,001+ employees"
273,Palo Alto Networks,http://www.paloaltonetworks.com,"5,001-10,000 employees"
274,Michael Kors,http://MichaelKors.com,"10,001+ employees"
275,"Tailored Brands, Inc.",http://www.tailoredbrands.com,"10,001+ employees"
276,Sanofi,http://www.sanofi.com,"10,001+ employees"
277,ALDI USA,https://www.aldi.us/,"10,001+ employees"
278,Stealth Startup,http://stealthstartup.com,2-10 employees
279,Georgia-Pacific LLC,http://www.gp.com,"10,001+ employees"
280,The SPAR Group Ltd,https://www.spar.co.za,"10,001+ employees"
281,THRIVAS,http://www.thrivas.com/,51-200 employees
282,Nielsen,http://www.nielsen.com,"10,001+ employees"
283,Bath & Body Works,http://www.bathandbodyworks.com,"10,001+ employees"
284,Flexport,https://www.flexport.com,"1,001-5,000 employees"
285,Spectrum,https://jobs.spectrum.com,"10,001+ employees"
286,Great Clips Inc.,http://www.greatclips.com,201-500 employees
287,Dream Home Improvement Inc,http://americandreamhomeimprovement.com/,11-50 employees
288,RITE AID,http://www.riteaid.com/careers,"10,001+ employees"
289,Omni Hotels & Resorts,http://www.omnihotels.com/,"10,001+ employees"
290,DISYS,http://www.disys.com,"1,001-5,000 employees"
291,American Airlines,http://jobs.aa.com,"10,001+ employees"
292,Avanade,http://www.avanade.com,"10,001+ employees"
293,Johnson Controls,http://www.johnsoncontrols.com,"10,001+ employees"
294,Boeing,http://www.boeing.com,"10,001+ employees"
295,Elastic,http://www.elastic.co,"1,001-5,000 employees"
296,Nestlé,http://www.nestle.com,"10,001+ employees"
297,Kiewit,http://kiewit.com,"10,001+ employees"
298,Harnham,http://www.harnham.com,51-200 employees
299,e- Health Jobs,http://www.e-healthjobs.com,2-10 employees
300,CareerStaff Unlimited,http://www.careerstaff.com/,"5,001-10,000 employees"
301,Plaid,https://plaid.com,201-500 employees
302,"Barnes & Noble, Inc.",http://bn.com,"10,001+ employees"
303,J.P. Morgan,http://www.jpmorgan.com,"10,001+ employees"
304,Royal Caribbean Cruises Ltd.,http://www.rclcorporate.com,"10,001+ employees"
305,eFinancialCareers,http://www.efinancialcareers.com,51-200 employees
306,Boston Consulting Group (BCG),http://www.bcg.com,"10,001+ employees"
307,Fidelity Investments,http://www.fidelity.com,"10,001+ employees"
308,Smith & Nephew,http://www.smith-nephew.com,"10,001+ employees"
309,Pilot Flying J,http://pilotflyingj.com/,"10,001+ employees"
310,Toptal,https://www.toptal.com/,"1,001-5,000 employees"
311,Thermo Fisher Scientific,https://www.thermofisher.com,"10,001+ employees"
312,Bridgestone Americas,http://www.bridgestoneamericas.com/,"10,001+ employees"
313,BD,http://www.bd.com,"10,001+ employees"
314,T-Mobile,https://www.t-mobile.com/,"10,001+ employees"
315,Hub Group Trucking,http://www.hubgrouptrucking.com,"1,001-5,000 employees"
316,Poly Trucking,http://www.poly-trucking.com/,201-500 employees
317,Western Express,http://www.westernexp.com,"1,001-5,000 employees"
318,Electronic Arts (EA),http://www.ea.com,"5,001-10,000 employees"
319,DISH Network,http://careers.dish.com,"10,001+ employees"
320,DICK'S Sporting Goods,http://www.dickssportinggoods.jobs/,"10,001+ employees"
321,BAE Systems,http://www.baesystems.com,"10,001+ employees"
322,Robinhood,http://www.robinhood.com,201-500 employees
323,Randstad USA,http://www.randstadusa.com,"1,001-5,000 employees"
324,University of Rochester,http://rochester.edu,Higher Education
325,Takeda,http://www.takedajobs.com,"10,001+ employees"
326,Infor,http://www.infor.com,"10,001+ employees"
327,McKesson,http://www.mckesson.com,"10,001+ employees"
328,AECOM,http://www.aecom.com,"10,001+ employees"
329,None,none,NONE
330,Work From Home Jobs,http://www.applytodaynow.net,2-10 employees
331,Staples Stores,http://www.staples.com,"5,001-10,000 employees"
332,"Williams-Sonoma, Inc.",http://www.williams-sonomainc.com,"10,001+ employees"
333,Speedway LLC,http://speedway.com/careers,"10,001+ employees"
334,Volt Workforce Solutions,http://www.Volt.com,"1,001-5,000 employees"
335,ProMedica,http://www.promedica.org,"10,001+ employees"
336,Mississippi Department of Transportation,http://www.gomdot.com,"1,001-5,000 employees"
337,Jackson Nurse Professionals,http://www.jacksonnursing.com,"501-1,000 employees"
338,J.Crew,http://www.jcrew.com,"5,001-10,000 employees"
339,Kohl's,http://kohlscareers.com/li,"10,001+ employees"
340,Two Sigma,http://www.twosigma.com/,"1,001-5,000 employees"
341,Chipotle Mexican Grill,http://www.chipotle.com,"10,001+ employees"
342,Food Lion,http://www.foodlion.com,Retail
343,SEPHORA,http://www.sephora.com/,"10,001+ employees"
344,Live Nation Entertainment,http://livenationentertainment.com,"5,001-10,000 employees"
345,GHR Travel Nursing,http://www.ghrtravelnursing.com,51-200 employees
346,N2 Publishing,http://www.n2pub.com,201-500 employees
347,"Desert de Oro Foods, Inc.",http://www.tacos.com,"1,001-5,000 employees"
348,Endeavor,http://www.endeavorco.com/,"5,001-10,000 employees"
349,Sprouts Farmers Market,http://sprouts.com,"10,001+ employees"
